Espesor,Media,Desviación estándar,Mínimo,Máximo,Mediana,Moda,Mejor_Distribucion,Parametros,KS_stat,p_value,AIC
S2Espesor_1,2.837756961551439,0.5736447448388273,1.3,3.5,2.8857229692593975,3.5,beta,"(1.6334704956749224, 0.8868473296592893, 1.189080738147933, 2.3109192618520678)",0.24035984497063745,0.0,-6264.781096211591
S2Espesor_2,9.025478875331405,5.271897631760785,4.5,23.0,7.1531894547022645,4.5,lognorm,"(15.679188377845842, 4.499999999999999, 0.00039315995354248057)",0.38016202975805374,0.0,-73394.42474519959
S7Espesor_1,8.93461240297102,9.538559520421012,3.0,40.0,4.50176045962904,3.0,lognorm,"(17.86608274142296, 2.9999999999999996, 4.602549514383644e-06)",0.3310407437097218,0.0,-159735.1507210245
S7Espesor_2,19.560849614894977,4.2450714867883965,14.0,26.0,19.098229029019265,26.0,lognorm,"(12.59403590246174, 13.999999999999998, 0.026455881152099285)",0.4185039483223109,0.0,6403.701968566478
S7Espesor_3,133.62581040788888,42.91433405992235,80.0,204.0,126.38198877405986,80.0,lognorm,"(12.553696745690264, 79.99999999999999, 0.26527101366510936)",0.4163094078449705,0.0,52445.00868606063
