Columna,Mejor_Distribucion,KS_stat,p_value,Parametros
Espesor_1,lognorm,0.1334731703026245,0.7155288109909701,"(0.8831214429522092, 0.355992892090914, 3.004214766090959)"
Espesor_2,lognorm,0.0981552957668706,0.9502892109564877,"(1.0235925755546, 3.6857009990672074, 8.44439961328213)"
Espesor_3,lognorm,0.15231400303240938,0.5565977579143221,"(0.587487381169814, -0.9614186965651117, 50.23228493604447)"
