Sitio,suma_std
1,17.984626690002038
2,22.489564683113556
3,1.4142135623730951
4,15.910744152192105
5,23.886510047775033
6,9.220672426672579
7,87.69835982802067
8,33.797309054891606
